<?xml version="1.0" encoding="UTF-8"?>
<project-private xmlns="http://www.netbeans.org/ns/project-private/1">
    <editor-bookmarks xmlns="http://www.netbeans.org/ns/editor-bookmarks/2" lastBookmarkId="0"/>
    <open-files xmlns="http://www.netbeans.org/ns/projectui-open-files/2">
        <group>
            <file>file:/C:/Users/Bri's%20computer/Documents/NetBeansProjects/FinalProject_S2/src/finalproject_s2/FinalProject_S2.java</file>
            <file>file:/C:/Users/Bri's%20computer/Documents/NetBeansProjects/FinalProject_S2/src/finalproject_s2/Item.java</file>
            <file>file:/C:/Users/Bri's%20computer/Documents/NetBeansProjects/FinalProject_S2/src/finalproject_s2/VendingMachine.java</file>
            <file>file:/C:/Users/Bri's%20computer/Documents/NetBeansProjects/FinalProject_S2/src/finalproject_s2/Money.java</file>
        </group>
    </open-files>
</project-private>
